Type,SKU,Name,Published,Is featured?,Visibility in catalog,Short description,Description,Regular price,Categories,Tags,In stock?,Allow customer reviews?,Position
"simple","SOTW-AFR-MAGHREB","Maghreb Spice Mix","0","0","visible","The North African chilli paste behind Maghreb cooking: dried red chillies, garlic, lemon, cumin, coriander, and caraway.","How to Make the Dish: Harissa lives all over Maghrebi cooking - stirred into couscous broth, spooned into shakshuka's tomato-and-pepper sauce, or rubbed onto merguez sausages before they hit the grill. From Episode 5 of the Fudi People YouTube series. WET - a chilli paste, not a dry blend; needs refrigeration after opening, not a shelf-stable pantry jar as scripted.","","Africa","Maghreb,Spice Mix,Wet - Needs Adaptation","1","1","1"
"simple","SOTW-AFR-WESTAFRICA","West Africa Spice Mix","0","0","visible","The dry suya rub behind Ghana and Nigeria's chinchinga and suya: grains of selim, dried chillies, kuli-kuli (peanut puffs), ginger, and a stock cube.","How to Make the Dish: Skewer beef or chicken, rub generously with Yaji, and grill over an open flame until charred - suya, West Africa's best-known street food. Yaji also seasons kilishi (dried spiced beef jerky) and gets dusted straight onto roasted plantain, corn, or boiled eggs. From Episode 1 of the Fudi People YouTube series. Dry blend, shelf-stable. Contains peanuts (kuli-kuli); may contain gluten depending on the stock cube used. Note: West Africa also has two other drafted blends not otherwise placed in this structure - Senegal's Yassa Marinade (Episode 2) and Sierra Leone/Liberia's Pepper Soup Spice (Episode 4) - worth a look as future variations or separate listings.","","Africa","West Africa,Spice Mix,Dry Blend,Contains Peanuts","1","1","2"
"simple","SOTW-AFR-CENTRALAFRICA","Central Africa Spice Mix","0","0","visible","Central Africa's smoky mbongo spice base, ground with garlic and onion: mbongo, njangsa, calabash nutmeg, and grains of paradise.","How to Make the Dish: This mix flavours mbongo tchobi, Cameroon's rich, dark 'black stew' - its full traditional build. Njangsa on its own also gives ndole, Cameroon's national dish, its bitter-greens depth. From Episode 7 of the Fudi People YouTube series. WET - ground with fresh garlic and onion, this comes out a moist paste rather than a dry rub; a dry version would need onion and garlic powder substituted in. May contain peanuts if using the peanut substitute for njangsa.","","Africa","Central Africa,Spice Mix,Wet - Needs Adaptation,May Contain Peanuts","1","1","3"
"simple","SOTW-AFR-HORNAFRICA","Horn of Africa Spice Mix","0","0","visible","Ethiopia's spiced clarified butter, the base of doro wat: butter simmered with onion, garlic, ginger, fenugreek, cumin, cardamom, turmeric, and herbs.","How to Make the Dish: Stirred straight into doro wat, Ethiopia's national chicken stew, and misir wat, its red lentil stew; kitfo (minced beef) gets it stirred through too. From Episode 3 of the Fudi People YouTube series. WET - a dairy product needing refrigeration and a limited shelf life, not a dry pantry item as scripted. Contains dairy.","","Africa","Horn of Africa,Spice Mix,Wet - Needs Adaptation,Contains Dairy","1","1","4"
"simple","SOTW-AFR-EASTAFRICA","East Africa Spice Mix","0","0","visible","Zanzibar's warming pilau spice: toasted cumin, black pepper, cloves, cardamom, and cinnamon.","How to Make the Dish: Stir the toasted, ground spice straight into onions at the start of cooking pilau rice - the simplest way to taste it. The same profile also builds Zanzibar biryani and kuku paka, East Africa's coconut chicken curry. From Episode 6 of the Fudi People YouTube series. Dry blend, shelf-stable. No exact ratios given in the source; test-cook to lock in your own before scaling for retail.","","Africa","East Africa,Spice Mix,Dry Blend","1","1","5"
"simple","SOTW-AFR-SOUTHERNAFRICA","Southern Africa Spice Mix","0","0","visible","Durban's South Asia-bridge curry masala: coriander, cumin, cardamom, fenugreek, cloves, cinnamon, and chilli.","How to Make the Dish: The same masala fills bunny chow - curry ladled into a hollowed-out loaf of bread, Durban's most famous export - and Durban-style samoosas. Today's version: the classic way, in a bowl. From Episode 8 of the Fudi People YouTube series. Dry blend, shelf-stable. No exact ratios given in the source; test-cook before locking a retail recipe.","","Africa","Southern Africa,Spice Mix,Dry Blend","1","1","6"
"simple","SOTW-AFR-CHILLIOIL","Fudi People Chilli Oil with Spices of Africa","0","0","visible","[SHORT DESCRIPTION PLACEHOLDER - tie this chilli oil to Africa's flavour profile]","[DESCRIPTION PLACEHOLDER - expand on the Africa flavour story for this chilli oil]","","Africa","Chilli Oil","1","1","99"
"simple","SOTW-MEA-TURKEY","Turkey Spice Mix","0","0","visible","Turkey's warming all-purpose spice blend: black pepper, cumin, coriander, cloves, cardamom, nutmeg, and dried mint.","How to Make the Dish: Kofte - seasoned minced meat, shaped and grilled, with the baharat doing all the real work. Also used in pilafs and roast vegetables, aubergine especially. From Episode 11 of the Fudi People YouTube series. Dry blend, shelf-stable, exact quantities from the source.","","Middle East","Turkey,Spice Mix,Dry Blend","1","1","1"
"simple","SOTW-MEA-SYRIA","Syria Spice Mix","0","0","visible","The toasted cumin, sesame, sumac, and oregano blend behind Syrian za'atar.","How to Make the Dish: Za'atar isn't built for one dish - it's the everyday finish on warm flatbread with olive oil, dipped alongside hummus and labneh, the way black pepper sits on a Western table. From Episode 10 of the Fudi People YouTube series. Dry blend, shelf-stable, exact quantities from the source. Contains sesame.","","Middle East","Syria,Spice Mix,Dry Blend,Contains Sesame","1","1","2"
"simple","SOTW-MEA-LEBANON","Lebanon Spice Mix","0","0","visible","Lebanon's fried-garlic-and-coriander base, the seven-spice baharat's finishing touch.","How to Make the Dish: Stirred into soups and stews right at the end - a simple red lentil soup finished with a generous spoonful of taklia is the classic way in. From Episode 13 of the Fudi People YouTube series. WET - an oil-based fried-garlic paste, not a dry blend; would need reformulating with dried or fried garlic granules and no oil to sell as a shelf-stable product.","","Middle East","Lebanon,Spice Mix,Wet - Needs Adaptation","1","1","3"
"simple","SOTW-MEA-ISRAEL","Israel Spice Mix","0","0","visible","Israel's bright, fiery green chilli-herb condiment: cardamom, coriander, cumin, green chillies, garlic, herbs, and lemon.","How to Make the Dish: Fresh falafel, zhug spooned generously over the top - also served with grilled meats and egg dishes. From Episode 12 of the Fudi People YouTube series. WET - a fresh herb paste with a short shelf life, sold fresh/refrigerated rather than as a pantry jar.","","Middle East","Israel,Spice Mix,Wet - Needs Adaptation","1","1","4"
"simple","SOTW-MEA-EGYPT","Egypt Spice Mix","0","0","visible","Egypt's roasted nut, seed, and spice dip: hazelnuts, almonds, coriander, cumin, and sesame.","How to Make the Dish: Served as an everyday condiment with olive oil and bread for dipping, or scattered over roasted meats and hummus - with koshari, Egypt's lentil-rice-pasta national dish, alongside. From Episode 16 of the Fudi People YouTube series. Dry blend, shelf-stable, exact quantities and timings from the source. Contains hazelnuts, almonds, and sesame.","","Middle East","Egypt,Spice Mix,Dry Blend,Contains Tree Nuts,Contains Sesame","1","1","5"
"simple","SOTW-MEA-IRAQ","Iraq Spice Mix","0","0","visible","Iraq's all-purpose baharat: black pepper, allspice, cloves, coriander, cumin, cinnamon, and nutmeg.","How to Make the Dish: Masgouf - whole carp, rubbed with Arabic baharat, turmeric, and a little tamarind, then grilled over an open wood fire until the skin crisps and the flesh flakes. Iraq's favourite fish dish. From Episode 14 of the Fudi People YouTube series. Dry blend, shelf-stable, exact quantities from the source.","","Middle East","Iraq,Spice Mix,Dry Blend","1","1","6"
"simple","SOTW-MEA-ARABIANPENINSULA","Arabian Peninsula Spice Mix","0","0","visible","The Arabian Peninsula's cumin-forward stew spice: black pepper, cumin, cardamom, coriander, and turmeric.","How to Make the Dish: A Yemeni-style lamb soup, the meat simmered low and slow with hawaij, onion, and stock until it falls apart. From Episode 17 of the Fudi People YouTube series. Dry blend, shelf-stable, exact quantities from the source.","","Middle East","Arabian Peninsula,Spice Mix,Dry Blend","1","1","7"
"simple","SOTW-MEA-CHILLIOIL","Fudi People Chilli Oil with Spices of the Middle East","0","0","visible","[SHORT DESCRIPTION PLACEHOLDER - tie this chilli oil to the Middle East's flavour profile]","[DESCRIPTION PLACEHOLDER - expand on the Middle East flavour story for this chilli oil]","","Middle East","Chilli Oil","1","1","99"
"simple","SOTW-EAS-WESTCHINA","West China Spice Mix","0","0","visible","Sichuan's homemade doubanjiang, built for mapo tofu: fried bird's eye chillies and fermented black beans.","How to Make the Dish: Mapo tofu - silky tofu and minced meat simmered in the sauce with Sichuan pepper until it's numbing, fiery, and completely unmistakable. Also the base for dan dan noodles, kung pao chicken, and proper hot pot. From Episode 29 of the Fudi People YouTube series. WET - a fermented sauce, not a dry blend; sold refrigerated with a limited shelf life (up to 3 weeks per the source), not as a pantry jar. Contains soy (fermented black beans).","","East Asia","West China,Spice Mix,Wet - Needs Adaptation,Contains Soy","1","1","1"
"simple","SOTW-EAS-NORTHCHINA","North China Spice Mix","0","0","visible","North China's whole-spice infusion bag for master-stock chicken: cardamom, star anise, Sichuan pepper, cloves, cumin, cinnamon, and liquorice root.","How to Make the Dish: A Dezhou-style master-stock chicken - the whole bird simmered low in a stock carrying everything from the bag until the meat falls from the bone. From Episode 26 of the Fudi People YouTube series. Dry whole-spice sachet, shelf-stable, exact quantities from the source.","","East Asia","North China,Spice Mix,Dry Blend","1","1","2"
"simple","SOTW-EAS-EASTCHINA","East China Spice Mix","0","0","visible","East China's spice bag behind Nanjing's famous salted duck: cloves, star anise, white pepper, bay, and liquorice root.","How to Make the Dish: Nanjing salted duck - the bag simmered into the poaching stock alongside fresh ginger and Shaoxing wine, the dish this city is known for worldwide. From Episode 27 of the Fudi People YouTube series. Dry whole-spice sachet, shelf-stable, exact quantities from the source.","","East Asia","East China,Spice Mix,Dry Blend","1","1","3"
"simple","SOTW-EAS-SOUTHCHINA","South China Spice Mix","0","0","visible","The classic Cantonese five-spice powder, genuinely better homemade: star anise, fennel, cloves, cinnamon, and Sichuan pepper.","How to Make the Dish: Lu rou fan, Taiwanese braised minced pork rice - pork belly slow-braised in soy, rice wine, and five-spice until rich and sticky, spooned over steamed rice. From Episode 28 of the Fudi People YouTube series. Dry blend, shelf-stable, exact quantities from the source.","","East Asia","South China,Spice Mix,Dry Blend","1","1","4"
"simple","SOTW-EAS-SOUTHKOREA","South Korea Spice Mix","0","0","visible","Korea's toasted-sesame-and-gochugaru dipping sauce: soy sauce, sesame oil, rice vinegar, gochugaru, garlic, and spring onion.","How to Make the Dish: A straightforward pork and cabbage mandu (dumpling) filling, wrapped, pan-fried until the base is crisp, and dipped straight into the sauce. Also drizzled over bibimbap and tossed through japchae. From Episode 24 of the Fudi People YouTube series. WET - a soy-based sauce, not a dry blend; sold refrigerated, not as a pantry jar. Contains soy and sesame.","","East Asia","South Korea,Spice Mix,Wet - Needs Adaptation,Contains Soy,Contains Sesame","1","1","5"
"simple","SOTW-EAS-JAPAN","Japan Spice Mix","0","0","visible","Japan's seven-spice table condiment: sansho, citrus peel, chilli, nori, black sesame, and garlic powder.","How to Make the Dish: Yakitori - skewered grilled chicken, finished with a table sprinkle of shichimi right before serving. Also used on noodles and curries. From Episode 25 of the Fudi People YouTube series. Dry blend, shelf-stable, exact quantities from the source. Contains sesame.","","East Asia","Japan,Spice Mix,Dry Blend,Contains Sesame","1","1","6"
"simple","SOTW-EAS-CHILLIOIL","Fudi People Chilli Oil with Spices of East Asia","0","0","visible","[SHORT DESCRIPTION PLACEHOLDER - tie this chilli oil to East Asia's flavour profile]","[DESCRIPTION PLACEHOLDER - expand on the East Asia flavour story for this chilli oil]","","East Asia","Chilli Oil","1","1","99"
"simple","SOTW-SAS-NORTHINDIA","North India Spice Mix","0","0","visible","North India's real garam masala, nothing like supermarket curry powder: black cardamom, cassia, black pepper, black cumin, mace, cloves, and nutmeg.","How to Make the Dish: Chana Masala with Sweet Potato and Spinach - a chickpea curry finished with garam masala stirred in right at the end, the way most North Indian home cooks actually use it. Also finishes kebabs, dhals, and Bhopal's biryanis. From Episode 18 of the Fudi People YouTube series. Dry blend, shelf-stable, exact quantities from the source. Black cumin and mace can be hard to source outside specialist shops.","","South Asia","North India,Spice Mix,Dry Blend","1","1","1"
"simple","SOTW-SAS-HIMALAYANBELT","Himalayan Belt Spice Mix","0","0","visible","The Himalayan Belt's tingling timur-and-chilli table spice.","How to Make the Dish: The Himalayan equivalent of salt and pepper on the table - sprinkled over soups, used as a dip for fried meats, or alongside ginger-spiced steamed dumplings, momo-style. From Episode 19 of the Fudi People YouTube series. Dry blend, shelf-stable, exact quantities from the source. Timur itself may be hard to source outside Nepali/Himalayan grocers.","","South Asia","Himalayan Belt,Spice Mix,Dry Blend","1","1","2"
"simple","SOTW-SAS-CENTRALINDIA","Central India Spice Mix","0","0","visible","Central India's tangy, sulphurous street-food seasoning: cumin, coriander, black pepper, amchoor, asafoetida, and kala namak.","How to Make the Dish: Chaat itself - the whole category of savoury snacks it's named after - plus sprinkled over roasted peanuts, stirred through yoghurt, and dusted onto grilled kebabs. From Episode 20 of the Fudi People YouTube series. Dry blend, shelf-stable, exact quantities from the source. Kala namak has a distinctive sulphurous smell, worth a heads-up for customers unfamiliar with it.","","South Asia","Central India,Spice Mix,Dry Blend","1","1","3"
"simple","SOTW-SAS-WESTINDIA","West India Spice Mix","0","0","visible","Goa's Portuguese-rooted vindaloo paste: cumin, Kashmiri chillies, black pepper, mustard, fenugreek, cloves, cardamom, cassia, and star anise.","How to Make the Dish: Goan Vindaloo - chicken or pork marinated in the paste overnight, browned with onion, simmered with tomatoes and stock, finished with jaggery and vinegar until thick, served with rice, yoghurt, and lime pickle. From Episode 22 of the Fudi People YouTube series. WET - a vinegar-based paste, not a dry blend; sold as a refrigerated jarred paste, not a shelf-stable dry mix. Contains mustard.","","South Asia","West India,Spice Mix,Wet - Needs Adaptation,Contains Mustard","1","1","4"
"simple","SOTW-SAS-EASTINDIA","East India Spice Mix","0","0","visible","Bengal's five-seed tempering spice, no grinding required: cumin, brown mustard, fennel, nigella, and fenugreek.","How to Make the Dish: Masor Tenga Fish Curry - pan-fried fish in a sour, tomato-and-mustard broth tempered with panch phoran, from the same river delta the spice comes from. Also lifts dhals and vegetable dishes. From Episode 21 of the Fudi People YouTube series. Dry blend, shelf-stable, exact quantities from the source, one of the simplest blends in the whole range. Contains mustard. Shares its source episode with the Bangladesh spice mix below.","","South Asia","East India,Spice Mix,Dry Blend,Contains Mustard","1","1","5"
"simple","SOTW-SAS-SOUTHINDIA","South India Spice Mix","0","0","visible","South India's condiment powder for dosa and idli: roasted lentils, coconut, sesame, curry leaves, and red chillies.","How to Make the Dish: A plain dosa, torn and dipped straight into gunpowder mixed with a little sesame oil. Also sprinkled over rice and idli. From Episode 23 of the Fudi People YouTube series. Dry-ground condiment, exact quantities from the source; contains tamarind pulp and jaggery, so treat as a semi-moist powder with a shorter shelf life than a pure dry spice mix. Contains sesame. Shares its source episode with the Sri Lanka spice mix below.","","South Asia","South India,Spice Mix,Dry Blend,Contains Sesame","1","1","6"
"simple","SOTW-SAS-BANGLADESH","Bangladesh Spice Mix","0","0","visible","Bengal's five-seed tempering spice, no grinding required: cumin, brown mustard, fennel, nigella, and fenugreek.","How to Make the Dish: Masor Tenga Fish Curry - pan-fried fish in a sour, tomato-and-mustard broth tempered with panch phoran. From Episode 21 of the Fudi People YouTube series, drafted as a joint East India & Bangladesh episode - same blend as the East India spice mix above, listed separately to match this site's structure. Dry blend, shelf-stable, exact quantities from the source. Contains mustard.","","South Asia","Bangladesh,Spice Mix,Dry Blend,Contains Mustard","1","1","7"
"simple","SOTW-SAS-SRILANKA","Sri Lanka Spice Mix","0","0","visible","South India's condiment powder for dosa and idli: roasted lentils, coconut, sesame, curry leaves, and red chillies.","How to Make the Dish: A plain dosa, torn and dipped straight into gunpowder mixed with a little sesame oil. From Episode 23 of the Fudi People YouTube series, drafted as a joint South India & Sri Lanka episode - same blend as the South India spice mix above, listed separately to match this site's structure. Contains sesame; contains tamarind pulp and jaggery, so treat as a semi-moist powder with a shorter shelf life than a pure dry spice mix. Sri Lanka's own historic world monopoly on cinnamon is name-checked in the episode - worth a dedicated blend of its own later if you want a Sri Lanka product distinct from Gunpowder.","","South Asia","Sri Lanka,Spice Mix,Dry Blend,Contains Sesame","1","1","8"
"simple","SOTW-SAS-CHILLIOIL","Fudi People Chilli Oil with Spices of South Asia","0","0","visible","[SHORT DESCRIPTION PLACEHOLDER - tie this chilli oil to South Asia's flavour profile]","[DESCRIPTION PLACEHOLDER - expand on the South Asia flavour story for this chilli oil]","","South Asia","Chilli Oil","1","1","99"
"simple","SOTW-SEA-MYANMAR","Myanmar Spice Mix","0","0","visible","[SHORT DESCRIPTION PLACEHOLDER - add a flavour profile and origin note for the Myanmar spice mix]","How to Make the Dish [RECIPE PLACEHOLDER - add a paired recipe/food sample showing a dish made using the Myanmar spice mix]","","Southeast Asia","Myanmar,Spice Mix","1","1","1"
"simple","SOTW-SEA-THAILAND","Thailand Spice Mix","0","0","visible","[SHORT DESCRIPTION PLACEHOLDER - add a flavour profile and origin note for the Thailand spice mix]","How to Make the Dish [RECIPE PLACEHOLDER - add a paired recipe/food sample showing a dish made using the Thailand spice mix]","","Southeast Asia","Thailand,Spice Mix","1","1","2"
"simple","SOTW-SEA-LAOS","Laos Spice Mix","0","0","visible","[SHORT DESCRIPTION PLACEHOLDER - add a flavour profile and origin note for the Laos spice mix]","How to Make the Dish [RECIPE PLACEHOLDER - add a paired recipe/food sample showing a dish made using the Laos spice mix]","","Southeast Asia","Laos,Spice Mix","1","1","3"
"simple","SOTW-SEA-CAMBODIA","Cambodia Spice Mix","0","0","visible","[SHORT DESCRIPTION PLACEHOLDER - add a flavour profile and origin note for the Cambodia spice mix]","How to Make the Dish [RECIPE PLACEHOLDER - add a paired recipe/food sample showing a dish made using the Cambodia spice mix]","","Southeast Asia","Cambodia,Spice Mix","1","1","4"
"simple","SOTW-SEA-VIETNAM","Vietnam Spice Mix","0","0","visible","[SHORT DESCRIPTION PLACEHOLDER - add a flavour profile and origin note for the Vietnam spice mix]","How to Make the Dish [RECIPE PLACEHOLDER - add a paired recipe/food sample showing a dish made using the Vietnam spice mix]","","Southeast Asia","Vietnam,Spice Mix","1","1","5"
"simple","SOTW-SEA-MALAYSIA","Malaysia Spice Mix","0","0","visible","[SHORT DESCRIPTION PLACEHOLDER - add a flavour profile and origin note for the Malaysia spice mix]","How to Make the Dish [RECIPE PLACEHOLDER - add a paired recipe/food sample showing a dish made using the Malaysia spice mix]","","Southeast Asia","Malaysia,Spice Mix","1","1","6"
"simple","SOTW-SEA-SINGAPORE","Singapore Spice Mix","0","0","visible","[SHORT DESCRIPTION PLACEHOLDER - add a flavour profile and origin note for the Singapore spice mix]","How to Make the Dish [RECIPE PLACEHOLDER - add a paired recipe/food sample showing a dish made using the Singapore spice mix]","","Southeast Asia","Singapore,Spice Mix","1","1","7"
"simple","SOTW-SEA-PHILIPPINES","Philippines Spice Mix","0","0","visible","[SHORT DESCRIPTION PLACEHOLDER - add a flavour profile and origin note for the Philippines spice mix]","How to Make the Dish [RECIPE PLACEHOLDER - add a paired recipe/food sample showing a dish made using the Philippines spice mix]","","Southeast Asia","Philippines,Spice Mix","1","1","8"
"simple","SOTW-SEA-INDONESIA","Indonesia Spice Mix","0","0","visible","[SHORT DESCRIPTION PLACEHOLDER - add a flavour profile and origin note for the Indonesia spice mix]","How to Make the Dish [RECIPE PLACEHOLDER - add a paired recipe/food sample showing a dish made using the Indonesia spice mix]","","Southeast Asia","Indonesia,Spice Mix","1","1","9"
"simple","SOTW-SEA-CHILLIOIL","Fudi People Chilli Oil with Spices of Southeast Asia","0","0","visible","[SHORT DESCRIPTION PLACEHOLDER - tie this chilli oil to Southeast Asia's flavour profile]","[DESCRIPTION PLACEHOLDER - expand on the Southeast Asia flavour story for this chilli oil]","","Southeast Asia","Chilli Oil","1","1","99"
"simple","SOTW-AME-NORTHAMERICA","North America Spice Mix","0","0","visible","A Kansas-City-meets-Memphis dry rub for steak, brisket, and pulled pork: cumin, cayenne, chilli powder, brown sugar, and smoked paprika.","How to Make the Dish: Pulled pork - pork shoulder coated generously in the rub, cooked low and slow until it shreds apart with a fork. Also covers steak, brisket, and chicken wings. From Episode 33 of the Fudi People YouTube series. Dry blend, shelf-stable, exact quantities from the source.","","Americas","North America,Spice Mix,Dry Blend","1","1","1"
"simple","SOTW-AME-MEXICOCENTRALAMERICA","Mexico & Central America Spice Mix","0","0","visible","The three-chilli spice mix behind Mexican mole, before it becomes a sauce: ancho, pasilla, and mulato chillies, cacao nibs, sesame, and warm spices.","How to Make the Dish: Pollo en Mole - the mix stirred into fried onions, garlic, and tomatoes to make a mole sauce, then simmered with chicken until thick, dark, and coating every piece. From Episode 30 of the Fudi People YouTube series. Dry blend as packaged, shelf-stable, exact quantities from the source, though it's designed to be simmered into a wet sauce by the customer. Contains sesame.","","Americas","Mexico & Central America,Spice Mix,Dry Blend,Contains Sesame","1","1","2"
"simple","SOTW-AME-CARIBBEAN","Caribbean Spice Mix","0","0","visible","The allspice-and-Scotch-bonnet dry rub behind Jamaican jerk.","How to Make the Dish: Rub onto chicken, fish, pork, or beef and marinate before grilling - classic Jamaican jerk. The same profile also turns up in West Indian curry and roasted-nigella-seed flatbreads. From Episode 9 of the Fudi People YouTube series. Dry blend, shelf-stable, exact quantities straight from the source.","","Americas","Caribbean,Spice Mix,Dry Blend","1","1","3"
"simple","SOTW-AME-SOUTHAMERICA","South America Spice Mix","0","0","visible","Peru's citrus-chilli ceviche marinade: aji limo, garlic, ginger, coriander stalks, red onion, and lime juice.","How to Make the Dish: Ceviche - fresh white fish, cubed and marinated directly in the leche de tigre until the flesh turns opaque, traditionally served with the extra marinade on the side to drink afterward. From Episode 34 of the Fudi People YouTube series (drafted as 'Pacific South America'), mapped here to the general South America slot. WET - a fresh citrus marinade with a very short shelf life, sold fresh/refrigerated rather than as a pantry jar.","","Americas","South America,Spice Mix,Wet - Needs Adaptation","1","1","4"
"simple","SOTW-AME-AMAZON","Amazon Spice Mix","0","0","visible","The Amazon's fermented cassava sauce behind pato no tucupi: fermented cassava juice, garlic, chilli, and black pepper.","How to Make the Dish: Pato no tucupi - Amazonian duck simmered in the sauce until the meat is tender and the broth carries all of it. Also the base of tacaca, the jambu-and-shrimp soup. From Episode 32 of the Fudi People YouTube series. WET - a fermented liquid sauce with a 24-hour fermentation step, not a dry blend; sold refrigerated with a limited shelf life. Requires careful cassava processing to remove naturally occurring toxins before sale, confirm with a food-safety officer before listing.","","Americas","Amazon,Spice Mix,Wet - Needs Adaptation","1","1","5"
"simple","SOTW-AME-ANDES","Andes Spice Mix","0","0","visible","Argentina's classic herb-and-oil sauce for grilled steak: chilli, paprika, garlic, onion, parsley or coriander, and oregano.","How to Make the Dish: A grilled steak, rested, sliced, and spooned generously with fresh chimichurri right before serving. From Episode 31 of the Fudi People YouTube series. WET - a fresh oil-and-vinegar sauce with a short shelf life, sold refrigerated rather than as a pantry jar.","","Americas","Andes,Spice Mix,Wet - Needs Adaptation","1","1","6"
"simple","SOTW-AME-CHILLIOIL","Fudi People Chilli Oil with Spices of the Americas","0","0","visible","[SHORT DESCRIPTION PLACEHOLDER - tie this chilli oil to the Americas' flavour profile]","[DESCRIPTION PLACEHOLDER - expand on the Americas flavour story for this chilli oil]","","Americas","Chilli Oil","1","1","99"
"simple","SOTW-EUR-SCANDINAVIA","Scandinavia Spice Mix","0","0","visible","[SHORT DESCRIPTION PLACEHOLDER - add a flavour profile and origin note for the Scandinavia spice mix]","How to Make the Dish [RECIPE PLACEHOLDER - add a paired recipe/food sample showing a dish made using the Scandinavia spice mix]","","Europe","Scandinavia,Spice Mix","1","1","1"
"simple","SOTW-EUR-GREATBRITAIN","Great Britain Spice Mix","0","0","visible","[SHORT DESCRIPTION PLACEHOLDER - add a flavour profile and origin note for the Great Britain spice mix]","How to Make the Dish [RECIPE PLACEHOLDER - add a paired recipe/food sample showing a dish made using the Great Britain spice mix]","","Europe","Great Britain,Spice Mix","1","1","2"
"simple","SOTW-EUR-FRANCE","France Spice Mix","0","0","visible","[SHORT DESCRIPTION PLACEHOLDER - add a flavour profile and origin note for the France spice mix]","How to Make the Dish [RECIPE PLACEHOLDER - add a paired recipe/food sample showing a dish made using the France spice mix]","","Europe","France,Spice Mix","1","1","3"
"simple","SOTW-EUR-SPAINPORTUGAL","Spain & Portugal Spice Mix","0","0","visible","[SHORT DESCRIPTION PLACEHOLDER - add a flavour profile and origin note for the Spain & Portugal spice mix]","How to Make the Dish [RECIPE PLACEHOLDER - add a paired recipe/food sample showing a dish made using the Spain & Portugal spice mix]","","Europe","Spain & Portugal,Spice Mix","1","1","4"
"simple","SOTW-EUR-ITALY","Italy Spice Mix","0","0","visible","[SHORT DESCRIPTION PLACEHOLDER - add a flavour profile and origin note for the Italy spice mix]","How to Make the Dish [RECIPE PLACEHOLDER - add a paired recipe/food sample showing a dish made using the Italy spice mix]","","Europe","Italy,Spice Mix","1","1","5"
"simple","SOTW-EUR-SOUTHEASTEUROPE","Southeast Europe Spice Mix","0","0","visible","[SHORT DESCRIPTION PLACEHOLDER - add a flavour profile and origin note for the Southeast Europe spice mix]","How to Make the Dish [RECIPE PLACEHOLDER - add a paired recipe/food sample showing a dish made using the Southeast Europe spice mix]","","Europe","Southeast Europe,Spice Mix","1","1","6"
"simple","SOTW-EUR-CHILLIOIL","Fudi People Chilli Oil with Spices of Europe","0","0","visible","[SHORT DESCRIPTION PLACEHOLDER - tie this chilli oil to Europe's flavour profile]","[DESCRIPTION PLACEHOLDER - expand on the Europe flavour story for this chilli oil]","","Europe","Chilli Oil","1","1","99"
