Company,Category,Contact Name,Role,Email,Phone,Website,Area/Address,Confidence,Notes
"Sabiib Somali Restaurant",East African (Somali) restaurant - 2 sites - Pilau Masala fit,,,info@sabiibrestaurant.com,,https://www.sabiibrestaurant.com/,"Acton + Harringay, London",High,"Named Time Out's best East African restaurant in London (2026); real site email"
"Mwendo Kasi",Zanzibar street food - direct Pilau Masala fit,,,contact@mwendokasi.co.uk,+44 7960 293829,https://mwendokasi.co.uk/,"Royal Victoria Dock, London",High,"Literally Zanzibar street food - halal, charcoal-grilled, market-stall/catering format"
"Exceline",East African (Ugandan) restaurant & catering,Robert Lonoh,Owner (per site copyright notice - unverified),,0207 998 1700 / 0203 417 8010,https://www.homeofeastafricancuisine.com/,"Leytonstone, London",Medium,"Real, established restaurant; no email found, owner name inferred from website copyright line only"
"Jambo Zamsareh",Ugandan restaurant,,,,,,"Wood Green / South Tottenham, London",Low,"Real (multiple directory listings) - no own domain or email found; call or use directory listing pages"
"Maandeeq Restaurant & Cafe",East African (Somali/Tanzanian) restaurant,,,,,,"Woolwich, London",Low,"Real per Time Out's East Africa guide - the only ""Maandeeq"" domain found (maandeeqs.com) turned out to be a different restaurant of the same name in Hargeisa, Somalia. Do not use that contact - needs a proper manual lookup for the Woolwich site"
"Owino Supermarket",East African (Ugandan/Kenyan/Rwandan) grocer - since 1998,,,owinosupermarket@gmail.com,+44 (0)208-687-0370,https://owinosupermarket.com/,"Mitcham, London",High,Physical store plus UK/international delivery
"East African Foods",East African grocery distributor,Viren Shah (reported),Managing Director (per public company filings - unverified contact),,,https://eastafricanfoods.co.uk/,"Rickmansworth, Hertfordshire",Medium,"Online ethnic grocery distributor covering East Africa + India; site's own contact page returned an error when checked - use the site's contact form"
"Bunny UK",South African Durban curry/bunny chow meal-kit supplier - direct Durban Curry Masala fit,Greg,Founder,info@bunnyuk.co.uk,,https://www.bunnyuk.co.uk/,"UK-wide delivery (no physical site)",High,"Founder grew up in Durban; meal-kit format could be a natural retail partner for a Durban Curry Masala jar"
"The Savanna",South African specialty food retailer + wholesaler - 14 London sites,,,customerservice@thesavanna.co.uk,0208 549 6000,https://www.thesavanna.co.uk/,"14 London locations + Guildford, since 2005",High,"Biggest South African retail name on this list - both retail and wholesale; strong Durban Curry Masala fit"
"St. Marcus Fine Foods",South African specialty food wholesaler,,,sales@stmarcus.co.uk,01737 780 653,http://www.biltongstmarcus.co.uk/,"Redhill, Surrey",High,"Also on the yaji/general list - already wholesales to delis, restaurants, farm stores; pitch Durban Curry Masala alongside whatever else you send them"
